head	leaf	literal	independent_expected_table_assertion	behavior_anchor	status
9aa91f52f6cf4ba9a9068e1bf8cc112b7a1a0eab	claim.label	"Claim"	packages/policy/test/vocabulary.test.ts:128/131		static assertions read; frozen compile-first mutant evidence pending
9aa91f52f6cf4ba9a9068e1bf8cc112b7a1a0eab	claim.targets.none.0	"open"	packages/policy/test/vocabulary.test.ts:128/131	packages/room/test/node/declared-equivalence.test.ts:164/174	static assertions read; frozen compile-first mutant evidence pending
9aa91f52f6cf4ba9a9068e1bf8cc112b7a1a0eab	claim.targets.thread.0	"take"	packages/policy/test/vocabulary.test.ts:128/131	packages/room/test/node/declared-equivalence.test.ts:164/174	static assertions read; frozen compile-first mutant evidence pending
9aa91f52f6cf4ba9a9068e1bf8cc112b7a1a0eab	claim.threads.0	"claim"	packages/policy/test/vocabulary.test.ts:128/131		static assertions read; frozen compile-first mutant evidence pending
9aa91f52f6cf4ba9a9068e1bf8cc112b7a1a0eab	claim.threads.1	"room"	packages/policy/test/vocabulary.test.ts:128/131		static assertions read; frozen compile-first mutant evidence pending
9aa91f52f6cf4ba9a9068e1bf8cc112b7a1a0eab	claim.body.goal.type	"text"	packages/policy/test/vocabulary.test.ts:128/131	packages/room/test/node/declared-equivalence.test.ts:89/92	static assertions read; frozen compile-first mutant evidence pending
9aa91f52f6cf4ba9a9068e1bf8cc112b7a1a0eab	claim.body.goal.max	1024	packages/policy/test/vocabulary.test.ts:128/131	packages/room/test/node/declared-equivalence.test.ts:89/92	static assertions read; frozen compile-first mutant evidence pending
9aa91f52f6cf4ba9a9068e1bf8cc112b7a1a0eab	claim.body.goal.requiredFor.0	"none"	packages/policy/test/vocabulary.test.ts:128/131	packages/room/test/node/declared-equivalence.test.ts:89/92	static assertions read; frozen compile-first mutant evidence pending
9aa91f52f6cf4ba9a9068e1bf8cc112b7a1a0eab	claim.body.plan.type	"text"	packages/policy/test/vocabulary.test.ts:128/131	packages/room/test/node/declared-equivalence.test.ts:89/92	static assertions read; frozen compile-first mutant evidence pending
9aa91f52f6cf4ba9a9068e1bf8cc112b7a1a0eab	claim.body.plan.max	16384	packages/policy/test/vocabulary.test.ts:128/131	packages/room/test/node/declared-equivalence.test.ts:89/92	static assertions read; frozen compile-first mutant evidence pending
9aa91f52f6cf4ba9a9068e1bf8cc112b7a1a0eab	claim.body.plan.optional	true	packages/policy/test/vocabulary.test.ts:128/131	packages/room/test/node/declared-equivalence.test.ts:89/92	static assertions read; frozen compile-first mutant evidence pending
9aa91f52f6cf4ba9a9068e1bf8cc112b7a1a0eab	claim.who.roles.0	"maintainer"	packages/policy/test/vocabulary.test.ts:128/131	packages/room/test/node/declared-equivalence.test.ts:246/247	static assertions read; frozen compile-first mutant evidence pending
9aa91f52f6cf4ba9a9068e1bf8cc112b7a1a0eab	claim.who.roles.1	"member"	packages/policy/test/vocabulary.test.ts:128/131	packages/room/test/node/declared-equivalence.test.ts:246/247	static assertions read; frozen compile-first mutant evidence pending
9aa91f52f6cf4ba9a9068e1bf8cc112b7a1a0eab	claim.who.roles.2	"agent"	packages/policy/test/vocabulary.test.ts:128/131	packages/room/test/node/declared-equivalence.test.ts:246/247	static assertions read; frozen compile-first mutant evidence pending
9aa91f52f6cf4ba9a9068e1bf8cc112b7a1a0eab	claim.hold.scope	"body.scope"	packages/policy/test/vocabulary.test.ts:128/131	packages/room/test/workerd/declared-fd6f00b6.test.ts:55	static assertions read; frozen compile-first mutant evidence pending
9aa91f52f6cf4ba9a9068e1bf8cc112b7a1a0eab	claim.hold.workspace	true	packages/policy/test/vocabulary.test.ts:128/131	packages/room/test/workerd/declared-fd6f00b6.test.ts:55	static assertions read; frozen compile-first mutant evidence pending
9aa91f52f6cf4ba9a9068e1bf8cc112b7a1a0eab	propose.label	"Propose"	packages/policy/test/vocabulary.test.ts:128/131		static assertions read; frozen compile-first mutant evidence pending
9aa91f52f6cf4ba9a9068e1bf8cc112b7a1a0eab	propose.targets.thread.0	"version"	packages/policy/test/vocabulary.test.ts:128/131	packages/room/test/node/declared-equivalence.test.ts:164/174	static assertions read; frozen compile-first mutant evidence pending
9aa91f52f6cf4ba9a9068e1bf8cc112b7a1a0eab	propose.threads.0	"claim"	packages/policy/test/vocabulary.test.ts:128/131		static assertions read; frozen compile-first mutant evidence pending
9aa91f52f6cf4ba9a9068e1bf8cc112b7a1a0eab	propose.threads.1	"room"	packages/policy/test/vocabulary.test.ts:128/131		static assertions read; frozen compile-first mutant evidence pending
9aa91f52f6cf4ba9a9068e1bf8cc112b7a1a0eab	propose.body.summary.type	"text"	packages/policy/test/vocabulary.test.ts:128/131	packages/room/test/node/declared-equivalence.test.ts:89/92	static assertions read; frozen compile-first mutant evidence pending
9aa91f52f6cf4ba9a9068e1bf8cc112b7a1a0eab	propose.body.summary.max	8192	packages/policy/test/vocabulary.test.ts:128/131	packages/room/test/node/declared-equivalence.test.ts:89/92	static assertions read; frozen compile-first mutant evidence pending
9aa91f52f6cf4ba9a9068e1bf8cc112b7a1a0eab	propose.who.roles.0	"maintainer"	packages/policy/test/vocabulary.test.ts:128/131	packages/room/test/node/declared-equivalence.test.ts:246/247	static assertions read; frozen compile-first mutant evidence pending
9aa91f52f6cf4ba9a9068e1bf8cc112b7a1a0eab	propose.who.roles.1	"member"	packages/policy/test/vocabulary.test.ts:128/131	packages/room/test/node/declared-equivalence.test.ts:246/247	static assertions read; frozen compile-first mutant evidence pending
9aa91f52f6cf4ba9a9068e1bf8cc112b7a1a0eab	propose.who.roles.2	"agent"	packages/policy/test/vocabulary.test.ts:128/131	packages/room/test/node/declared-equivalence.test.ts:246/247	static assertions read; frozen compile-first mutant evidence pending
9aa91f52f6cf4ba9a9068e1bf8cc112b7a1a0eab	note.label	"Note"	packages/policy/test/vocabulary.test.ts:128/131		static assertions read; frozen compile-first mutant evidence pending
9aa91f52f6cf4ba9a9068e1bf8cc112b7a1a0eab	note.targets.entry.0	"comment"	packages/policy/test/vocabulary.test.ts:128/131	packages/room/test/node/declared-equivalence.test.ts:164/174	static assertions read; frozen compile-first mutant evidence pending
9aa91f52f6cf4ba9a9068e1bf8cc112b7a1a0eab	note.targets.line.0	"comment"	packages/policy/test/vocabulary.test.ts:128/131	packages/room/test/node/declared-equivalence.test.ts:164/174	static assertions read; frozen compile-first mutant evidence pending
9aa91f52f6cf4ba9a9068e1bf8cc112b7a1a0eab	note.threads.0	"claim"	packages/policy/test/vocabulary.test.ts:128/131		static assertions read; frozen compile-first mutant evidence pending
9aa91f52f6cf4ba9a9068e1bf8cc112b7a1a0eab	note.threads.1	"room"	packages/policy/test/vocabulary.test.ts:128/131		static assertions read; frozen compile-first mutant evidence pending
9aa91f52f6cf4ba9a9068e1bf8cc112b7a1a0eab	note.body.text.type	"text"	packages/policy/test/vocabulary.test.ts:128/131	packages/room/test/node/declared-equivalence.test.ts:89/92	static assertions read; frozen compile-first mutant evidence pending
9aa91f52f6cf4ba9a9068e1bf8cc112b7a1a0eab	note.body.text.max	16384	packages/policy/test/vocabulary.test.ts:128/131	packages/room/test/node/declared-equivalence.test.ts:89/92	static assertions read; frozen compile-first mutant evidence pending
9aa91f52f6cf4ba9a9068e1bf8cc112b7a1a0eab	note.who.roles.0	"maintainer"	packages/policy/test/vocabulary.test.ts:128/131	packages/room/test/node/declared-equivalence.test.ts:246/247	static assertions read; frozen compile-first mutant evidence pending
9aa91f52f6cf4ba9a9068e1bf8cc112b7a1a0eab	note.who.roles.1	"member"	packages/policy/test/vocabulary.test.ts:128/131	packages/room/test/node/declared-equivalence.test.ts:246/247	static assertions read; frozen compile-first mutant evidence pending
9aa91f52f6cf4ba9a9068e1bf8cc112b7a1a0eab	note.who.roles.2	"agent"	packages/policy/test/vocabulary.test.ts:128/131	packages/room/test/node/declared-equivalence.test.ts:246/247	static assertions read; frozen compile-first mutant evidence pending
9aa91f52f6cf4ba9a9068e1bf8cc112b7a1a0eab	note.who.roles.3	"checker"	packages/policy/test/vocabulary.test.ts:128/131	packages/room/test/node/declared-equivalence.test.ts:246/247	static assertions read; frozen compile-first mutant evidence pending
9aa91f52f6cf4ba9a9068e1bf8cc112b7a1a0eab	review.label	"Review"	packages/policy/test/vocabulary.test.ts:128/131		static assertions read; frozen compile-first mutant evidence pending
9aa91f52f6cf4ba9a9068e1bf8cc112b7a1a0eab	review.targets.version.0	"review"	packages/policy/test/vocabulary.test.ts:128/131	packages/room/test/node/declared-equivalence.test.ts:164/174	static assertions read; frozen compile-first mutant evidence pending
9aa91f52f6cf4ba9a9068e1bf8cc112b7a1a0eab	review.threads.0	"claim"	packages/policy/test/vocabulary.test.ts:128/131		static assertions read; frozen compile-first mutant evidence pending
9aa91f52f6cf4ba9a9068e1bf8cc112b7a1a0eab	review.threads.1	"room"	packages/policy/test/vocabulary.test.ts:128/131		static assertions read; frozen compile-first mutant evidence pending
9aa91f52f6cf4ba9a9068e1bf8cc112b7a1a0eab	review.body.text.type	"text"	packages/policy/test/vocabulary.test.ts:128/131	packages/room/test/node/declared-equivalence.test.ts:89/92	static assertions read; frozen compile-first mutant evidence pending
9aa91f52f6cf4ba9a9068e1bf8cc112b7a1a0eab	review.body.text.max	16384	packages/policy/test/vocabulary.test.ts:128/131	packages/room/test/node/declared-equivalence.test.ts:89/92	static assertions read; frozen compile-first mutant evidence pending
9aa91f52f6cf4ba9a9068e1bf8cc112b7a1a0eab	review.who.roles.0	"maintainer"	packages/policy/test/vocabulary.test.ts:128/131	packages/room/test/node/declared-equivalence.test.ts:246/247	static assertions read; frozen compile-first mutant evidence pending
9aa91f52f6cf4ba9a9068e1bf8cc112b7a1a0eab	review.who.roles.1	"member"	packages/policy/test/vocabulary.test.ts:128/131	packages/room/test/node/declared-equivalence.test.ts:246/247	static assertions read; frozen compile-first mutant evidence pending
9aa91f52f6cf4ba9a9068e1bf8cc112b7a1a0eab	review.who.roles.2	"agent"	packages/policy/test/vocabulary.test.ts:128/131	packages/room/test/node/declared-equivalence.test.ts:246/247	static assertions read; frozen compile-first mutant evidence pending
9aa91f52f6cf4ba9a9068e1bf8cc112b7a1a0eab	check.label	"Check"	packages/policy/test/vocabulary.test.ts:128/131		static assertions read; frozen compile-first mutant evidence pending
9aa91f52f6cf4ba9a9068e1bf8cc112b7a1a0eab	check.targets.version.0	"check"	packages/policy/test/vocabulary.test.ts:128/131	packages/room/test/node/declared-equivalence.test.ts:164/174	static assertions read; frozen compile-first mutant evidence pending
9aa91f52f6cf4ba9a9068e1bf8cc112b7a1a0eab	check.threads.0	"claim"	packages/policy/test/vocabulary.test.ts:128/131		static assertions read; frozen compile-first mutant evidence pending
9aa91f52f6cf4ba9a9068e1bf8cc112b7a1a0eab	check.threads.1	"room"	packages/policy/test/vocabulary.test.ts:128/131		static assertions read; frozen compile-first mutant evidence pending
9aa91f52f6cf4ba9a9068e1bf8cc112b7a1a0eab	check.who.roles.0	"checker"	packages/policy/test/vocabulary.test.ts:128/131	packages/room/test/node/declared-equivalence.test.ts:246/247	static assertions read; frozen compile-first mutant evidence pending
9aa91f52f6cf4ba9a9068e1bf8cc112b7a1a0eab	land.label	"Land"	packages/policy/test/vocabulary.test.ts:128/131		static assertions read; frozen compile-first mutant evidence pending
9aa91f52f6cf4ba9a9068e1bf8cc112b7a1a0eab	land.targets.version.0	"land"	packages/policy/test/vocabulary.test.ts:128/131	packages/room/test/node/declared-equivalence.test.ts:164/174	static assertions read; frozen compile-first mutant evidence pending
9aa91f52f6cf4ba9a9068e1bf8cc112b7a1a0eab	land.threads.0	"claim"	packages/policy/test/vocabulary.test.ts:128/131		static assertions read; frozen compile-first mutant evidence pending
9aa91f52f6cf4ba9a9068e1bf8cc112b7a1a0eab	land.threads.1	"room"	packages/policy/test/vocabulary.test.ts:128/131		static assertions read; frozen compile-first mutant evidence pending
9aa91f52f6cf4ba9a9068e1bf8cc112b7a1a0eab	land.who.roles.0	"maintainer"	packages/policy/test/vocabulary.test.ts:128/131	packages/room/test/node/declared-equivalence.test.ts:246/247	static assertions read; frozen compile-first mutant evidence pending
9aa91f52f6cf4ba9a9068e1bf8cc112b7a1a0eab	land.who.roles.1	"member"	packages/policy/test/vocabulary.test.ts:128/131	packages/room/test/node/declared-equivalence.test.ts:246/247	static assertions read; frozen compile-first mutant evidence pending
9aa91f52f6cf4ba9a9068e1bf8cc112b7a1a0eab	land.who.roles.2	"agent"	packages/policy/test/vocabulary.test.ts:128/131	packages/room/test/node/declared-equivalence.test.ts:246/247	static assertions read; frozen compile-first mutant evidence pending
9aa91f52f6cf4ba9a9068e1bf8cc112b7a1a0eab	release.label	"Release"	packages/policy/test/vocabulary.test.ts:128/131		static assertions read; frozen compile-first mutant evidence pending
9aa91f52f6cf4ba9a9068e1bf8cc112b7a1a0eab	release.targets.thread.0	"release"	packages/policy/test/vocabulary.test.ts:128/131	packages/room/test/node/declared-equivalence.test.ts:164/174	static assertions read; frozen compile-first mutant evidence pending
9aa91f52f6cf4ba9a9068e1bf8cc112b7a1a0eab	release.threads.0	"claim"	packages/policy/test/vocabulary.test.ts:128/131		static assertions read; frozen compile-first mutant evidence pending
9aa91f52f6cf4ba9a9068e1bf8cc112b7a1a0eab	release.threads.1	"room"	packages/policy/test/vocabulary.test.ts:128/131		static assertions read; frozen compile-first mutant evidence pending
9aa91f52f6cf4ba9a9068e1bf8cc112b7a1a0eab	release.who.roles.0	"maintainer"	packages/policy/test/vocabulary.test.ts:128/131	packages/room/test/node/declared-equivalence.test.ts:246/247	static assertions read; frozen compile-first mutant evidence pending
9aa91f52f6cf4ba9a9068e1bf8cc112b7a1a0eab	release.who.roles.1	"member"	packages/policy/test/vocabulary.test.ts:128/131	packages/room/test/node/declared-equivalence.test.ts:246/247	static assertions read; frozen compile-first mutant evidence pending
9aa91f52f6cf4ba9a9068e1bf8cc112b7a1a0eab	release.who.roles.2	"agent"	packages/policy/test/vocabulary.test.ts:128/131	packages/room/test/node/declared-equivalence.test.ts:246/247	static assertions read; frozen compile-first mutant evidence pending
