label	cwd	exact_inner_command	exit	utcStart	utcEnd	envOverrides
artifact-freeze	/tmp/artroom-checker-stage2-35797-OdtWKz	python3 /tmp/artroom-checker-stage2-35797-evidence-c9ICmd/freeze.py /tmp/artroom-checker-stage2-35797-OdtWKz	0	2026-10-03T22:11:02.977213+00:00	2026-10-03T22:11:34.517844+00:00	{"CI": "1", "NO_COLOR": "1", "WRANGLER_SEND_METRICS": "false"}
checker-f	/tmp/artroom-checker-stage2-35797-OdtWKz/packages/checkers	/tmp/artroom-checker-stage2-35797-OdtWKz/node_modules/.bin/vitest run --config vitest.config.ts test/declared-guards-f.test.ts --reporter=default --reporter=json --outputFile=/tmp/artroom-checker-stage2-35797-evidence-c9ICmd/checker-f.raw.json	0	2026-10-03T22:05:30.879961+00:00	2026-10-03T22:05:32.798107+00:00	{"CI": "1", "NO_COLOR": "1", "WRANGLER_SEND_METRICS": "false"}
dependency-install	/tmp/artroom-checker-stage2-35797-OdtWKz	npm ci	0	2026-10-03T22:03:44.179356+00:00	2026-10-03T22:04:03.679561+00:00	{"CI": "1", "NO_COLOR": "1", "WRANGLER_SEND_METRICS": "false"}
policy-e-node	/tmp/artroom-checker-stage2-35797-OdtWKz/packages/policy	/tmp/artroom-checker-stage2-35797-OdtWKz/node_modules/.bin/vitest run --config vitest.config.ts test/declared-guards-e.test.ts --reporter=default --reporter=json --outputFile=/tmp/artroom-checker-stage2-35797-evidence-c9ICmd/policy-e-node.raw.json	0	2026-10-03T22:05:30.879404+00:00	2026-10-03T22:05:32.351501+00:00	{"CI": "1", "NO_COLOR": "1", "WRANGLER_SEND_METRICS": "false"}
policy-e-workerd	/tmp/artroom-checker-stage2-35797-OdtWKz/packages/policy	/tmp/artroom-checker-stage2-35797-OdtWKz/node_modules/.bin/vitest run --config vitest.workers.config.ts test/declared-guards-e.test.ts --reporter=default --reporter=json --outputFile=/tmp/artroom-checker-stage2-35797-evidence-c9ICmd/policy-e-workerd.raw.json	0	2026-10-03T22:06:08.556841+00:00	2026-10-03T22:06:11.258174+00:00	{"CI": "1", "NO_COLOR": "1", "WRANGLER_SEND_METRICS": "false"}
room-migration-focused	/tmp/artroom-checker-stage2-35797-OdtWKz/packages/room	/tmp/artroom-checker-stage2-35797-OdtWKz/node_modules/.bin/vitest run --config vitest.workers.config.ts test/workerd/declared-fd6f00b6.test.ts '--testNamePattern=migration 4' --reporter=default --reporter=json --outputFile=/tmp/artroom-checker-stage2-35797-evidence-c9ICmd/room-migration-focused.raw.json	0	2026-10-03T22:07:05.693716+00:00	2026-10-03T22:07:12.730038+00:00	{"CI": "1", "NO_COLOR": "1", "WRANGLER_SEND_METRICS": "false"}
room-node-a-b-e	/tmp/artroom-checker-stage2-35797-OdtWKz/packages/room	/tmp/artroom-checker-stage2-35797-OdtWKz/node_modules/.bin/vitest run --config vitest.node.config.ts test/node/declared-guards-a.test.ts test/node/declared-guards-b.test.ts test/node/declared-guards-e.test.ts --reporter=default --reporter=json --outputFile=/tmp/artroom-checker-stage2-35797-evidence-c9ICmd/room-node-a-b-e.raw.json	0	2026-10-03T22:05:30.879314+00:00	2026-10-03T22:05:32.738975+00:00	{"CI": "1", "NO_COLOR": "1", "WRANGLER_SEND_METRICS": "false"}
room-workerd-c-d-e-f-audit2	/tmp/artroom-checker-stage2-35797-OdtWKz/packages/room	/tmp/artroom-checker-stage2-35797-OdtWKz/node_modules/.bin/vitest run --config vitest.workers.config.ts test/workerd/declared-guards-c-fd6f00b6.test.ts test/workerd/declared-guards-d-fd6f00b6.test.ts test/workerd/declared-guards-e-fd6f00b6.test.ts test/workerd/declared-guards-f-fd6f00b6.test.ts test/workerd/declared-audit2-fd6f00b6.test.ts --reporter=default --reporter=json --outputFile=/tmp/artroom-checker-stage2-35797-evidence-c9ICmd/room-workerd-c-d-e-f-audit2.raw.json	0	2026-10-03T22:06:08.565679+00:00	2026-10-03T22:06:21.726427+00:00	{"CI": "1", "NO_COLOR": "1", "WRANGLER_SEND_METRICS": "false"}
root-typecheck	/tmp/artroom-checker-stage2-35797-OdtWKz	npm run typecheck	0	2026-10-03T22:04:34.173846+00:00	2026-10-03T22:04:54.461598+00:00	{"CI": "1", "NO_COLOR": "1", "WRANGLER_SEND_METRICS": "false"}
